crop_name,temperature,rainfall,humidity,soil_moisture,soil_ph,nitrogen,phosphorus,potassium
Cotton,28.6,828.3,66.2,48.5,7.68,134.3,65.1,39.7
Soybean,20.5,993.7,60.0,59.5,6.95,45.7,64.8,45.4
Groundnut,23.6,502.8,58.4,47.8,5.87,27.8,50.8,45.3
Potato,21.8,720.2,60.3,67.8,5.92,125.5,70.1,117.1
Sugarcane,29.9,2156.2,76.8,76.6,6.81,113.7,68.3,61.8
Barley,22.3,490.4,62.3,40.7,7.58,80.1,54.4,50.0
Coffee,22.7,2135.4,84.1,73.8,6.24,106.4,41.4,117.2
Onion,18.6,656.6,50.0,63.9,6.15,87.2,65.4,76.4
Chickpea,20.2,516.6,30.8,40.2,6.33,33.7,79.1,72.3
Soybean,20.5,875.2,70.7,58.2,6.41,35.3,79.7,37.5
Wheat,14.4,669.3,53.3,51.4,6.27,106.9,58.4,65.0
Jute,30.9,1971.6,85.5,84.6,6.6,81.1,49.8,53.4
Tomato,19.1,818.6,62.3,59.9,7.0,126.1,50.5,85.6
Rice,25.5,1776.6,91.3,74.0,5.62,81.7,51.8,36.5
Sorghum (Jowar),29.7,423.9,37.4,31.6,6.4,69.2,19.3,37.1
Garlic,15.7,656.1,62.0,45.9,6.82,66.0,49.7,76.8
Coffee,22.4,1638.3,70.5,67.9,5.33,107.1,29.4,90.0
Sugarcane,25.6,2058.2,84.6,77.6,6.19,130.8,56.3,82.8
Tomato,24.3,587.1,74.5,68.6,7.08,79.0,51.9,85.8
Sorghum (Jowar),30.2,594.7,44.3,32.0,6.45,71.0,38.6,35.4
Potato,17.7,546.3,70.9,74.8,5.99,134.4,70.3,118.4
Groundnut,32.8,619.7,67.2,47.6,6.97,23.9,56.1,32.9
Garlic,21.8,475.1,51.7,42.5,6.11,65.8,59.5,70.9
Banana,27.0,1523.1,77.0,70.0,6.01,97.3,81.1,96.9
Maize,28.4,783.8,64.5,68.8,6.61,94.9,55.2,45.7
Onion,23.7,547.9,53.9,57.9,6.27,83.5,60.8,74.7
Groundnut,27.6,471.1,63.1,51.1,7.09,32.3,58.7,30.1
Sugarcane,26.6,1500.5,86.9,70.6,6.16,107.9,46.8,84.0
Coconut,24.1,1747.8,83.2,65.9,6.16,21.8,14.9,42.0
Mustard,24.0,445.0,51.1,44.7,7.07,93.3,31.9,48.0
Barley,14.5,555.1,55.7,51.6,7.22,77.6,33.0,43.8
Millet (Bajra),27.2,513.3,28.7,25.0,6.74,50.3,26.5,17.2
Wheat,17.5,452.1,63.0,55.2,7.47,126.0,43.5,36.0
Tomato,28.4,694.4,57.7,65.2,6.21,88.5,65.1,96.2
Chickpea,18.6,442.4,34.6,31.1,7.87,40.8,60.2,70.7
Wheat,13.8,408.8,65.2,59.8,7.32,108.6,54.5,48.8
Pigeon Pea,29.7,649.6,58.4,28.0,7.09,36.5,60.6,37.1
Cotton,33.4,866.0,55.0,51.6,6.04,110.5,43.1,54.7
Soybean,21.6,866.7,56.8,63.2,6.41,40.3,66.8,34.3
Wheat,17.0,455.2,65.0,51.5,6.36,101.9,66.8,42.7
Pigeon Pea,27.2,645.1,47.0,45.1,5.91,40.4,72.5,41.9
Tomato,18.9,797.1,76.2,65.5,6.38,123.3,75.1,100.6
Maize,23.7,629.4,74.4,68.1,7.29,75.8,69.7,67.7
Groundnut,30.8,562.2,57.2,34.8,6.25,26.0,48.2,28.4
Chickpea,21.2,559.2,39.6,32.2,6.95,34.2,63.6,66.9
Garlic,14.6,626.2,69.0,47.7,6.71,64.8,48.9,38.4
Barley,17.0,616.5,45.5,37.4,6.87,88.8,44.1,53.1
Soybean,21.5,792.7,72.5,60.4,6.96,23.2,66.2,55.0
Maize,22.8,655.3,74.9,52.0,6.36,84.4,68.1,56.2
Sunflower,28.7,604.0,49.0,38.1,7.01,72.6,51.7,37.9
Garlic,21.1,629.8,58.7,38.3,6.92,87.0,57.9,70.1
Jute,32.3,1415.4,87.1,87.9,7.4,95.3,45.6,54.1
Banana,29.6,2026.9,76.3,85.5,6.4,102.9,83.1,145.0
Potato,15.3,619.6,80.1,69.9,5.24,127.0,77.2,137.2
Cotton,33.7,617.9,56.0,42.9,6.55,103.7,57.9,53.7
Banana,25.2,1753.2,83.8,82.9,6.28,111.7,65.6,120.9
Sugarcane,24.8,1686.0,77.2,71.5,7.01,148.7,58.2,81.2
Sorghum (Jowar),31.7,607.6,40.0,30.7,7.25,74.9,22.3,40.5
Onion,26.1,696.4,55.2,47.2,6.46,73.5,65.2,63.4
Sorghum (Jowar),28.8,493.0,43.6,40.1,7.35,46.0,26.3,26.5
Sorghum (Jowar),26.4,382.0,54.1,24.1,7.19,74.7,23.1,25.5
Rice,30.7,1308.2,89.9,75.2,5.72,87.7,41.9,40.2
Cotton,26.2,825.7,60.8,50.1,7.64,118.4,66.0,39.6
Millet (Bajra),29.5,521.4,48.5,33.2,6.58,48.6,31.2,25.5
Mustard,14.1,559.9,58.8,48.4,6.13,85.8,39.3,37.9
Coffee,20.1,1584.8,86.5,69.2,5.61,95.2,37.1,89.8
Sunflower,20.8,720.8,62.6,53.6,7.52,82.6,53.5,51.4
Sorghum (Jowar),35.2,487.3,51.6,25.1,6.74,53.3,20.0,38.3
Barley,13.5,501.1,53.5,50.8,7.0,86.4,31.9,41.1
Potato,20.8,492.6,65.5,68.1,5.89,97.4,74.6,122.6
Mustard,20.9,403.8,46.2,51.6,6.3,71.9,44.7,40.2
Jute,29.9,1602.4,82.4,70.3,6.06,79.7,39.8,33.7
Sugarcane,25.7,1755.1,76.0,84.4,6.24,115.5,59.9,76.5
Jute,28.9,1668.5,81.9,85.0,7.23,94.0,44.6,37.0
Banana,33.5,2254.2,86.7,88.6,6.67,117.8,68.6,119.1
Coconut,24.8,1282.1,83.7,67.1,6.85,27.0,18.4,54.9
Pigeon Pea,21.1,610.5,39.2,31.0,7.42,37.4,50.9,41.8
Wheat,12.7,564.3,59.4,59.6,6.4,116.7,46.1,64.7
Mustard,21.7,508.1,63.7,48.1,6.52,96.2,47.7,41.9
Millet (Bajra),29.3,355.0,39.2,29.6,7.32,64.1,25.1,31.1
Maize,28.3,628.9,69.1,52.1,6.6,97.9,44.8,50.1
Coffee,25.4,1790.4,69.4,64.0,5.57,84.3,30.5,89.5
Chickpea,17.9,368.1,36.3,25.4,7.67,29.5,64.2,79.8
Coconut,26.5,2234.0,75.7,63.2,7.38,35.0,34.8,35.6
Cotton,24.0,576.8,59.5,62.9,7.07,100.8,59.6,51.8
Chickpea,23.2,355.1,43.5,29.3,6.3,27.9,75.7,73.4
Coffee,18.3,2110.1,72.2,81.2,6.07,89.5,31.3,91.6
Banana,29.5,1559.7,76.7,88.7,6.85,90.4,68.0,132.4
Soybean,21.3,962.5,68.5,57.7,6.65,32.4,62.2,36.8
Coffee,16.9,1343.2,76.8,63.3,5.11,85.8,39.3,97.0
Onion,25.9,435.7,62.8,54.4,6.57,62.8,47.3,53.6
Rice,30.1,2285.8,78.7,87.0,5.62,86.1,50.8,42.0
Rice,25.2,1866.2,79.5,77.1,6.1,103.7,44.1,46.8
Chickpea,26.3,332.5,32.6,25.5,7.61,34.8,56.6,72.5
Coconut,27.8,2179.2,74.6,68.9,5.75,42.1,24.6,34.8
Mustard,12.7,383.2,68.6,38.5,6.45,78.1,49.1,36.0
Barley,20.9,387.9,54.0,39.5,7.28,95.2,39.3,37.4
Groundnut,30.4,521.7,60.4,39.4,6.85,45.4,43.2,35.4
Pigeon Pea,26.2,455.2,62.1,25.2,6.09,19.5,71.0,41.6
Soybean,27.3,863.1,60.0,44.7,7.05,24.4,61.5,55.2
Groundnut,25.4,499.9,68.4,46.2,6.11,43.0,67.7,38.4
Jute,34.2,1542.2,75.7,87.0,6.35,70.5,49.2,55.7
Maize,19.4,679.1,62.4,54.2,6.79,96.8,52.3,62.1
Sorghum (Jowar),31.8,607.5,52.1,32.8,7.97,43.5,22.4,32.8
Banana,28.1,2450.4,78.5,83.8,6.93,103.7,84.3,112.9
Soybean,26.6,768.4,58.1,62.9,6.49,24.4,61.2,45.0
Barley,11.5,381.5,47.5,35.7,6.3,64.0,40.0,32.8
Jute,30.5,1531.6,91.0,85.9,6.28,83.5,50.3,44.1
Sugarcane,35.5,2086.0,80.3,80.1,6.59,138.9,67.1,66.7
Garlic,23.3,541.1,57.5,47.2,7.39,78.8,54.3,60.7
Potato,16.0,506.6,76.3,73.6,6.26,129.3,74.0,121.0
Rice,22.9,2259.6,83.1,88.2,6.07,73.3,43.9,40.4
Banana,32.3,2169.0,81.1,88.5,5.82,91.5,83.7,98.5
Cotton,30.2,897.3,50.0,52.8,6.84,106.2,51.7,43.4
Garlic,16.7,522.9,59.8,57.9,7.18,75.7,43.9,58.2
Onion,21.9,739.4,58.5,40.1,6.47,97.9,39.7,43.4
Rice,28.5,1313.6,81.3,88.2,5.6,82.8,48.0,46.1
Jute,34.1,1462.4,72.0,89.1,7.05,88.8,42.8,35.8
Barley,12.1,556.1,51.2,50.5,7.53,62.9,42.9,30.5
Mustard,23.0,483.4,66.3,53.2,6.29,82.1,35.3,35.3
Maize,18.7,868.4,70.7,70.4,5.83,100.1,52.7,37.2
Mustard,15.9,323.9,63.5,46.1,6.56,68.8,55.0,39.0
Barley,18.1,526.3,57.1,57.6,7.47,96.8,37.2,36.1
Sugarcane,26.3,1840.0,85.5,72.1,6.43,115.3,48.7,73.4
Sorghum (Jowar),34.7,581.1,45.1,29.8,6.7,64.3,19.7,37.6
Sunflower,29.3,662.4,47.1,41.3,6.54,77.9,40.5,45.0
Tomato,27.1,494.1,64.9,52.8,6.06,122.6,78.4,77.3
Potato,22.1,605.6,60.3,53.4,5.3,99.2,64.7,143.0
Maize,27.6,644.9,62.4,68.9,6.29,94.0,62.2,58.6
Tomato,27.6,621.7,55.6,56.9,6.97,111.7,73.1,77.6
Sunflower,23.5,523.3,58.5,35.9,7.52,66.8,39.2,45.9
Chickpea,21.8,340.2,40.8,38.0,6.9,39.0,67.0,68.7
Coffee,24.7,2117.1,82.2,72.4,5.08,89.2,36.8,104.1
Sorghum (Jowar),26.3,555.7,29.3,23.6,7.64,63.4,25.2,25.9
Coconut,26.0,1387.7,89.4,69.4,7.33,18.7,15.6,45.7
Soybean,22.4,724.7,68.8,68.4,6.11,24.4,83.2,40.3
Coconut,30.3,1704.1,82.6,78.3,7.13,34.4,20.3,35.9
Maize,18.9,816.0,58.0,64.1,6.33,96.6,53.2,56.8
Banana,25.7,2383.2,83.9,80.4,6.94,107.2,83.8,105.6
Sunflower,23.2,605.7,53.5,52.3,6.7,80.2,57.3,53.9
Sunflower,21.0,571.4,58.4,49.4,7.04,82.2,67.1,60.8
Pigeon Pea,21.4,643.9,51.4,35.6,5.53,25.3,59.0,27.8
Jute,24.7,1356.6,84.4,82.8,7.08,70.7,47.1,35.3
Potato,20.1,547.2,73.9,66.7,6.29,118.0,64.9,116.0
Coconut,25.3,1342.4,69.3,73.2,6.42,41.3,33.5,34.1
Groundnut,29.4,540.8,48.9,36.1,6.51,22.7,62.6,42.0
Sunflower,21.9,488.8,59.7,40.8,6.16,71.4,48.7,35.9
Coconut,31.0,1956.1,75.5,65.0,6.53,40.4,25.5,48.4
Soybean,22.0,926.1,55.1,63.6,6.68,46.4,72.9,40.5
Mustard,17.6,492.9,58.1,50.6,6.85,77.7,49.7,39.5
Rice,24.2,2193.4,89.1,80.7,5.76,98.3,47.7,46.2
Wheat,24.2,508.7,58.0,44.4,7.33,121.4,69.6,43.8
Millet (Bajra),35.0,431.2,46.8,30.7,6.76,38.0,23.9,32.9
Cotton,22.3,859.2,65.6,45.0,6.16,111.4,49.5,45.5
Tomato,23.0,558.6,56.8,53.1,6.37,95.1,66.1,80.1
Coffee,17.6,2124.1,82.8,73.0,5.4,87.6,41.8,84.0
Onion,16.4,735.6,62.9,40.4,6.1,72.9,53.4,69.9
Coconut,27.1,1420.0,85.5,66.5,6.57,22.5,18.5,57.7
Pigeon Pea,30.2,518.8,53.8,42.1,6.74,20.4,59.0,35.3
Jute,26.6,1333.8,77.4,77.8,6.02,95.6,47.8,50.4
Rice,23.3,2111.1,84.9,83.5,5.62,73.8,42.9,35.9
Barley,19.8,390.2,59.7,51.4,6.34,73.7,46.6,36.8
Groundnut,25.5,609.3,55.9,43.0,6.71,49.1,66.4,24.1
Pigeon Pea,25.0,502.7,56.3,32.5,5.58,29.2,51.8,29.2
Tomato,24.3,544.6,55.8,69.2,6.88,109.6,77.3,70.2
Onion,22.6,681.2,58.0,54.0,6.76,89.8,49.9,39.5
Pigeon Pea,23.1,778.5,51.2,42.8,7.33,24.9,55.2,43.8
Rice,23.5,1878.6,87.3,90.4,6.56,94.1,55.7,43.2
Sugarcane,30.6,2040.8,83.3,67.9,6.58,128.0,68.7,92.1
Millet (Bajra),31.8,431.8,28.3,35.0,8.13,50.3,20.8,17.5
Garlic,13.7,623.1,68.2,57.3,7.18,70.1,56.9,49.0
Cotton,22.4,616.0,49.8,45.2,6.69,99.2,59.5,63.0
Sugarcane,27.8,2046.1,70.7,71.2,6.58,122.3,48.7,62.5
Sunflower,26.0,615.1,49.5,55.8,6.24,79.7,55.9,53.2
Chickpea,26.5,444.9,38.0,32.1,6.74,26.5,74.5,66.8
Tomato,19.5,617.2,59.6,57.8,6.18,104.2,69.3,86.3
Cotton,27.8,697.5,51.4,43.8,7.17,133.1,63.8,63.3
Potato,22.0,723.8,82.5,62.1,4.98,136.1,68.7,130.9
Onion,17.1,550.6,70.0,64.8,7.33,83.4,60.0,78.8
Sorghum (Jowar),32.6,655.8,48.4,31.8,7.03,54.6,26.5,28.8
Millet (Bajra),31.4,438.2,39.7,25.1,6.98,39.3,27.1,33.3
Wheat,20.9,692.8,50.8,62.1,6.36,127.6,56.3,53.2
Millet (Bajra),27.1,446.3,47.5,24.9,6.69,53.5,26.8,16.2
Coffee,25.4,1942.6,86.0,75.5,5.29,113.2,37.6,109.0
Garlic,19.3,606.2,63.6,56.5,6.53,82.5,63.7,64.6
Sunflower,26.7,488.9,44.2,39.7,6.54,67.1,44.5,53.9
Millet (Bajra),35.8,408.9,32.1,33.2,7.37,42.0,33.9,30.4
Coconut,31.7,2222.1,83.5,66.5,5.99,36.3,23.9,32.6
Pigeon Pea,30.4,796.4,36.3,30.6,5.92,37.4,54.0,25.1
Banana,33.4,2081.1,90.1,74.1,5.95,113.6,77.0,134.0
Millet (Bajra),28.9,506.2,43.9,22.7,7.71,40.5,17.2,17.1
Sunflower,28.6,481.4,61.2,41.9,7.75,74.5,62.0,36.7
Garlic,16.5,581.5,54.1,47.3,6.52,86.1,57.9,59.6
Potato,14.6,550.3,79.7,55.9,5.95,136.5,63.6,132.8
Tomato,27.9,888.7,71.6,56.9,6.25,93.4,71.2,87.9
Maize,22.6,833.9,61.4,59.8,7.25,74.5,48.7,60.5
Jute,29.7,2076.2,91.0,85.9,6.96,86.9,53.4,42.2
Mustard,18.4,377.7,55.2,39.1,6.51,82.3,53.2,42.9
Onion,21.6,651.7,57.7,56.0,6.43,86.3,53.9,42.4
Rice,27.7,2208.2,89.7,91.3,6.49,89.3,38.9,47.4
Millet (Bajra),30.6,518.4,42.3,33.8,6.51,46.9,32.6,26.3
Soybean,31.9,984.2,67.8,48.8,6.59,46.8,63.2,37.5
Cotton,32.2,744.6,61.4,46.5,7.01,108.7,39.0,44.8
Mustard,13.2,451.2,58.8,42.6,6.85,90.6,48.9,27.8
Wheat,13.1,480.9,64.0,61.0,7.15,124.7,62.9,56.9
Groundnut,24.3,741.3,54.2,34.9,6.88,42.4,43.3,48.2
Barley,14.7,506.2,55.7,52.8,6.73,65.2,39.1,47.9
Pigeon Pea,30.9,499.5,48.8,44.2,6.68,27.9,57.9,23.1
Onion,22.5,432.0,50.9,41.8,6.95,75.2,53.6,70.8
Chickpea,22.4,572.2,32.3,32.5,6.44,38.0,69.2,72.2
Maize,17.5,762.0,64.2,47.4,6.0,115.2,54.9,65.9
Garlic,23.0,547.4,61.3,54.9,7.26,79.6,49.5,47.8
Banana,30.9,1988.9,81.6,74.7,7.01,115.8,83.9,141.7
Potato,16.2,481.4,78.2,66.0,5.32,106.3,66.2,149.0
Chickpea,17.0,458.4,33.2,30.5,6.05,40.8,56.6,85.3
Wheat,16.5,612.9,44.1,57.9,6.71,103.1,40.8,62.7
Sugarcane,30.7,1309.5,79.4,76.2,7.12,140.9,47.0,84.9
Groundnut,29.0,577.1,66.5,37.2,6.7,32.1,64.8,39.7
Coffee,25.4,2200.1,82.5,61.7,5.79,89.4,42.3,83.5
Wheat,15.1,737.1,48.8,50.5,6.25,123.2,68.9,62.4
